﻿COUNTRY,GENERIC,SORT GENERIC,FEATURE DESIGNATION
India (IND),Addahalla,ADDAHALLA,intermittent stream (STMI)
India (IND),Ambalam,AMBALAM,temple(s) (TMPL)
India (IND),Anchorage,ANCHORAGE,anchorage (ANCH)
India (IND),Anicut,ANICUT,dam (DAM)
India (IND),Ar; Ār,AR,canal (CNL); canalized stream (STMC); channel (CHN); intermittent stream (STMI); section of stream (STMX); stream(s) (STM); tidal creek(s) (CRKT)
India (IND),Aruvi,ARUVI,mountain (MT)
India (IND),Āshram,ASHRAM,monastery (MSTY)
India (IND),Badava,BADAVA,intermittent stream (STMI)
India (IND),Bādva,BADVA,intermittent stream (STMI)
India (IND),Bāgh,BAGH,garden(s) (GDN); orchard(s) (OCH); section of populated place (PPLX)
India (IND),Bal; Bāl,BAL,mountain (MT); pass (PASS); ridge(s) (RDGE)
India (IND),Bāla,BALA,intermittent lake(s) (LKI); intermittent stream (STMI); stream(s) (STM)
India (IND),Balla,BALLA,hill (HLL); mountain (MT)
India (IND),Balla Bari,BALLABARI,mountain (MT)
India (IND),Balla Chhoti,BALLACHHOTI,hill (HLL)
India (IND),Balli,BALLI,hills (HLLS)
India (IND),Bān,BAN,spring(s) (SPNG)
India (IND),Banda; Bānda,BANDA,hill (HLL); lake (LK); mountain (MT)
India (IND),Bandar,BANDAR,anchorage (ANCH); pier (PIER); wharf(-ves) (WHRF)
India (IND),Bāndh,BANDH,dam (DAM); lake (LK); levee (LEV); reservoir(s) (RSV); road (RD)
India (IND),Bandha,BANDHA,dam (DAM); hill (HLL); levee (LEV)
India (IND),Bandhi,BANDHI,dam (DAM); levee (LEV)
India (IND),Bāndth,BANDTH,levee (LEV)
India (IND),Bani,BANI,forest(s) (FRST)
India (IND),Bānk,BANK,glacier(s) (GLCR)
India (IND),Bar,BAR,lake (LK)
India (IND),Barai,BARAI,mountain (MT)
India (IND),Barar; Barār,BARAR,hill (HLL); hills (HLLS)
India (IND),Bard,BARD,hill (HLL)
India (IND),Barē; Bāre,BARE,hill (HLL); mountain (MT)
India (IND),Bari,BARI,hill (HLL); mountain (MT)
India (IND),Barli,BARLI,hill (HLL); mountain (MT)
India (IND),Barra,BARRA,hill (HLL)
India (IND),Bās,BAS,populated place (PPL)
India (IND),Basin,BASIN,dock (DCK)
India (IND),Bay,BAY,bay(s) (BAY)
India (IND),Bayal,BAYAL,camp(s) (CMP)
India (IND),Bazar; Bazār; Bāzar; Bāzār,BAZAR,market (MKT); shopping center or mall (SHOPC)
India (IND),Bela,BELA,island (ISL); section of island (ISLX)
India (IND),Beli,BELI,islands (ISLS)
India (IND),Bera,BERA,water well(s) (WLL)
India (IND),Betta,BETTA,hill (HLL); hills (HLLS); mountain (MT); mountains (MTS); ridge(s) (RDGE); temple(s) (TMPL)
India (IND),Bettu,BETTU,hill (HLL); mountain (MT)
India (IND) & Nepal (NPL),Bhañjyāṅ,BHANJYAN,pass (PASS)
India (IND),Bhar,BHAR,dune(s) (DUNE)
India (IND),Bhauti,BHAUTI,hill (HLL)
India (IND),Bhāvi,BHAVI,hill (HLL); intermittent pond(s) (PNDI); mine(s) (MN); mountain (MT); spring(s) (SPNG); water tank (RSVT); water well(s) (WLL)
India (IND) & Pakistan (PAK),Bhit,BHIT,dune(s) (DUNE)
India (IND),Bil; Bīl,BIL,intermittent lake(s) (LKI); intermittent reservoir (RSVI); lake (LK); marsh(es) (MRSH); swamp (SWMP); wetland (WTLD)
India (IND),Boda,BODA,triangulation station (TRIG)
India (IND),Bodu,BODU,hill (HLL); intermittent pond(s) (PNDI); mountain (MT); spur(s) (SPUR)
India (IND),Boli,BOLI,mountain (MT)
India (IND),Borai,BORAI,mountain (MT)
India (IND),Branch,BRANCH,canal (CNL); railroad (RR)
India (IND),Bridge,BRIDGE,bridge (BDG)
India (IND),Bugga,BUGGA,spring(s) (SPNG)
India (IND),Būinda,BUINDA,stream(s) (STM)
India (IND),Bund,BUND,levee (LEV)
India (IND),Buru,BURU,hill (HLL); mountain (MT)
India (IND),Canal,CANAL,canal (CNL)
India (IND),Cascade,CASCADE,waterfall(s) (FLLS)
India (IND),Chāh,CHAH,spring(s) (SPNG)
India (IND),Chai Garden,CHAIGARDEN,tea plantation (ESTT)
India (IND),Chak,CHAK,abandoned farm (FRMQ); cultivated area (CULT); estate(s) (EST); farm(s) (FRM); grove (GROVE); populated place (PPL)
India (IND),Chāl,CHAL,lake (LK)
India (IND),Chalama,CHALAMA,water well(s) (WLL)
India (IND),Chālu,CHALU,stream(s) (STM)
India (IND),Channel,CHANNEL,canal (CNL); channel (CHN)
India (IND),Char,CHAR,island (ISL)
India (IND),Chari,CHARI,intermittent stream (STMI)
India (IND),Chattram,CHATTRAM,resthouse (RHSE)
India (IND),Chauki,CHAUKI,building(s) (BLDG); forest station (STNF); populated place (PPL)
India (IND),Chaur; Chāur,CHAUR,marsh(es) (MRSH); mud flat(s) (FLTM)
India (IND),Chela,CHELA,hill (HLL); intermittent stream (STMI); stream(s) (STM)
India (IND),Chelava,CHELAVA,intermittent stream (STMI)
India (IND),Chelima,CHELIMA,spring(s) (SPNG)
India (IND),Chelka,CHELKA,camp(s) (CMP)
India (IND),Chene,CHENE,camp(s) (CMP); locality (LCTY)
India (IND),Chera,CHERA,intermittent lake(s) (LKI)
India (IND),Cheru,CHERU,intermittent reservoir (RSVI); reservoir(s) (RSV)
India (IND),Cheruvu,CHERUVU,intermittent lake(s) (LKI); intermittent pond(s) (PNDI); intermittent reservoir (RSVI); lake (LK); marsh(es) (MRSH); reservoir(s) (RSV); water tank (RSVT)
India (IND),Chetram; Chētram,CHETRAM,church (CH); temple(s) (TMPL)
India (IND),Chhatram,CHHATRAM,resthouse (RHSE)
India (IND),Chho,CHHO,lake (LK)
China (CHN) & India (IND),Chhu,CHHU,stream(s) (STM)
India (IND),Chira,CHIRA,lake (LK)
India (IND),Cho,CHO,intermittent stream (STMI); stream(s) (STM)
India (IND),Choa,CHOA,stream(s) (STM)
India (IND),Chol,CHOL,stream(s) (STM)
India (IND),Chūl,CHUL,desert (DSRT)
India (IND) & Nepal (NPL),Chuli̇̄,CHULI,peak(s) (PK)
India (IND),Creek,CREEK,stream(s) (STM); tidal creek(s) (CRKT)
India (IND),Cunta,CUNTA,intermittent reservoir (RSVI)
India (IND),Cut,CUT,canal (CNL); canalized stream (STMC)
India (IND) & Nepal (NPL),Dā̃ḍā; Ḍā̃ḍā,DADA,mountain (MT); mountains (MTS); ridge(s) (RDGE)
India (IND),Dādar,DADAR,hill (HLL); mountain (MT); plateau (PLAT)
India (IND),Dadi,DADI,mountain (MT)
India (IND),Dahar,DAHAR,intermittent lake(s) (LKI)
India (IND),Dāknia,DAKNIA,stream(s) (STM)
India (IND),Dāl,DAL,lake (LK)
India (IND),Dam,DAM,dam (DAM)
India (IND),Dand; Dānd,DAND,intermittent pond(s) (PNDI); marsh(es) (MRSH); ridge(s) (RDGE)
India (IND),Danda; Dānda,DANDA,hill (HLL); mountain (MT); ridge(s) (RDGE)
India (IND),Dar,DAR,ridge(s) (RDGE)
India (IND),Dara,DARA,dune(s) (DUNE); mound(s) (MND); waterfall(s) (FLLS)
India (IND),Darga,DARGA,shrine (SHRN)
India (IND),Dargah; Dargāh,DARGAH,shrine (SHRN)
India (IND),Dari,DARI,hill (HLL)
India (IND),Darra,DARRA,intermittent stream (STMI)
India (IND),Deo,DEO,mountain (MT)
India (IND),Dev,DEV,temple(s) (TMPL)
India (IND),Devalam,DEVALAM,temple(s) (TMPL)
India (IND),Devālayam,DEVALAYAM,temple(s) (TMPL)
India (IND) & Pakistan (PAK),Dhand,DHAND,intermittent lake(s) (LKI); lake (LK); pond(s) (PND)
India (IND),Dhāni,DHANI,populated place (PPL)
India (IND) & Nepal (NPL) & Pakistan (PAK),Dhar; Dhār,DHAR,hill (HLL); hills (HLLS); intermittent stream (STMI); locality (LCTY); mountain (MT); mountains (MTS); peak(s) (PK); populated place (PPL); ridge(s) (RDGE); slope(s) (SLP); spur(s) (SPUR); stream(s) (STM)
India (IND),Dharan,DHARAN,intermittent reservoir (RSVI); reservoir(s) (RSV)
India (IND),Dharar,DHARAR,waterfall(s) (FLLS)
India (IND),Dhil,DHIL,marsh(es) (MRSH)
India (IND),Dhoda,DHODA,intermittent stream (STMI)
India (IND) & Pakistan (PAK),Dhora,DHORA,canal (CNL); dune(s) (DUNE); hill (HLL); sand area (SAND); stream(s) (STM)
India (IND) & Pakistan (PAK),Dhoro,DHORO,stream(s) (STM)
India (IND),Dinna,DINNA,hill (HLL)
India (IND),Distributary,DISTRIBUTARY,distributary(-ies) (STMD)
India (IND),Dobha,DOBHA,intermittent pond(s) (PNDI)
India (IND),Dock,DOCK,dock (DCK)
India (IND),Doddi,DODDI,hill (HLL)
India (IND),Dohra,DOHRA,intermittent stream (STMI)
India (IND),Dol,DOL,hill (HLL)
India (IND),Dona,DONA,intermittent pond(s) (PNDI); spring(s) (SPNG)
India (IND),Dongar,DONGAR,butte(s) (BUTE); hill (HLL); hills (HLLS); mountain (MT); mountains (MTS); ridge(s) (RDGE)
India (IND),Dongari,DONGARI,hill (HLL); mountain (MT)
India (IND),Dongi,DONGI,mountain (MT)
India (IND),Dongri; Dongrī,DONGRI,hill (HLL); hills (HLLS); mountain (MT); mountains (MTS)
India (IND),Dora,DORA,stream(s) (STM)
India (IND),Dori,DORI,hill (HLL); mountain (MT); ridge(s) (RDGE)
India (IND),Drain,DRAIN,canal (CNL)
India (IND),Drug; Drūg,DRUG,hill (HLL); mountain (MT)
India (IND),Dūngar,DUNGAR,ridge(s) (RDGE)
India (IND),Dungri,DUNGRI,hill (HLL); mountain (MT)
India (IND),Durga,DURGA,hill (HLL); mountain (MT)
India (IND),Durgam,DURGAM,hill (HLL); mountain (MT)
India (IND),Eri; Ēri,ERI,intermittent reservoir (RSVI); reservoir(s) (RSV)
India (IND),Eru,ERU,intermittent stream (STMI); stream(s) (STM)
India (IND),Escape,ESCAPE,abandoned canal (CNLQ)
India (IND),Extension,EXTENSION,railroad (RR)
India (IND),Factory,FACTORY,factory (MFG)
India (IND),Falls,FALLS,waterfall(s) (FLLS)
India (IND),Feeder,FEEDER,canal (CNL)
India (IND),Forest,FOREST,forest(s) (FRST); populated place (PPL)
India (IND),Forest Chauki,FORESTCHAUKI,forest station (STNF)
India (IND),Forest Reserve,FORESTRESERVE,forest reserve (RESF)
India (IND),Forest Rest House; Forest Resthouse,FORESTRESTHOUSE,resthouse (RHSE)
India (IND),Fort,FORT,fort (FT)
India (IND),Gad; Gād,GAD,intermittent stream (STMI); stream(s) (STM)
India (IND),Gadda,GADDA,intermittent stream (STMI); stream(s) (STM)
India (IND),Gadde,GADDE,marsh(es) (MRSH)
India (IND),Gādh,GADH,stream(s) (STM)
India (IND),Gadhera; Gādhera,GADHERA,stream(s) (STM)
India (IND),Gadi,GADI,mountain (MT); stream(s) (STM)
India (IND) & Pakistan (PAK),Gah; Gāh,GAH,stream(s) (STM)
India (IND),Gala; Gāla,GALA,pass (PASS)
India (IND) & Pakistan (PAK),Gali; Galī; Gāli,GALI,pass (PASS); saddle (SDL)
India (IND),Galu,GALU,pass (PASS)
India (IND),Ganda,GANDA,mountain (MT)
India (IND),Gandi,GANDI,hill (HLL); hills (HLLS); mountain (MT); pass (PASS)
India (IND),Gāng,GANG,distributary(-ies) (STMD)
India (IND),Ganga,GANGA,stream(s) (STM)
India (IND),Gani,GANI,quarry(-ies) (MNQR)
India (IND),Gao,GAO,stream(s) (STM)
India (IND),Gara; Garā; Gāra; Gārā,GARA,intermittent stream (STMI); stream(s) (STM)
India (IND),Garh,GARH,fort (FT)
India (IND),Garhi,GARHI,fort (FT); mountain (MT)
India (IND),Gattu,GATTU,hill (HLL); hills (HLLS); mountain (MT)
India (IND),Gaul,GAUL,glacier(s) (GLCR)
India (IND),Gedda,GEDDA,intermittent stream (STMI); stream(s) (STM)
India (IND),Ghāgh,GHAGH,waterfall(s) (FLLS)
India (IND),Ghāli,GHALI,pass (PASS)
India (IND),Ghar; Ghār,GHAR,hill (HLL); stream(s) (STM)
India (IND) & Nepal (NPL),Ghat; Ghāt; Ghāṭ,GHAT,bridge (BDG); ferry (FY); ford (FORD); ghāt (GHAT); mountain (MT); pass (PASS); saddle (SDL)
India (IND),Ghati; Ghāti; Ghātī,GHATI,gap (GAP); hill (HLL); pass (PASS); saddle (SDL)
India (IND),Gir,GIR,mountain (MT)
India (IND),Giri,GIRI,hill (HLL); mountain (MT)
India (IND),Gol,GOL,stream(s) (STM)
India (IND),Gondi,GONDI,mountain (MT)
India (IND),Gopura,GOPURA,mountain (MT)
India (IND),Got,GOT,upland (UPLD)
India (IND),Gubbal; Gubbāl,GUBBAL,hill (HLL); mountain (MT)
India (IND),Gudda,GUDDA,hill (HLL); hills (HLLS); mountain (MT); temple(s) (TMPL)
India (IND),Guddai,GUDDAI,hill (HLL); mountain (MT)
India (IND),Gudde,GUDDE,hill (HLL); mountain (MT); spur(s) (SPUR)
India (IND),Gudi; Gūdi,GUDI,temple(s) (TMPL)
India (IND),Gul; Gūl,GUL,abandoned canal (CNLQ); canal (CNL); pass (PASS); populated place (PPL); stream(s) (STM)
India (IND),Gulu,GULU,pass (PASS)
India (IND),Gumbaz,GUMBAZ,tomb(s) (TMB)
India (IND),Gundam,GUNDAM,hill (HLL); intermittent stream (STMI); locality (LCTY); mountain (MT); spring(s) (SPNG); waterfall(s) (FLLS)
India (IND),Gundi,GUNDI,mountain (MT)
India (IND),Gundlu,GUNDLU,hill (HLL); mountain (MT)
India (IND),Gundu,GUNDU,hill (HLL); mountain (MT)
India (IND),Gunta,GUNTA,depression(s) (DPR); hill (HLL); intermittent lake(s) (LKI); intermittent pond(s) (PNDI); intermittent reservoir (RSVI); mountain (MT); water tank (RSVT)
India (IND),Gurudwāra; Gurūdwara,GURUDWARA,temple(s) (TMPL)
India (IND),Gurukul,GURUKUL,school (SCH)
India (IND),Gutta,GUTTA,hill (HLL); hills (HLLS); locality (LCTY); mesa(s) (MESA); mountain (MT); mountains (MTS); ridge(s) (RDGE); triangulation station (TRIG)
India (IND),Guttam,GUTTAM,hill (HLL)
India (IND),Gutu,GUTU,hill (HLL)
India (IND),Gwar,GWAR,slope(s) (SLP)
India (IND),Halla,HALLA,intermittent stream (STMI); populated place (PPL); stream(s) (STM)
India (IND),Halt,HALT,railroad stop (RSTP)
India (IND),Hani,HANI,mesa(s) (MESA)
India (IND),Hat; Hāt,HAT,market (MKT)
China (CHN) & India (IND) & Pakistan (PAK),He,HE,section of stream (STMX); stream(s) (STM)
India (IND),Head,HEAD,cliff(s) (CLF)
India (IND),Hill,HILL,hill (HLL); mountain (MT)
India (IND),Hills,HILLS,hills (HLLS)
India (IND),Hodlu,HODLU,stream(s) (STM)
India (IND),Hole; Holē; Hōlē,HOLE,hill (HLL); intermittent stream (STMI); stream(s) (STM)
India (IND),Hudki,HUDKI,hill (HLL)
India (IND),Huli,HULI,hill (HLL); mountain (MT)
India (IND),Huri,HURI,hill (HLL); mountain (MT); ridge(s) (RDGE)
India (IND),Hurki; Hurkī,HURKI,hill (HLL)
India (IND),Island,ISLAND,island (ISL)
India (IND),Jangal,JANGAL,forest(s) (FRST)
India (IND),Jharan,JHARAN,intermittent stream (STMI); mountain (MT); stream(s) (STM)
India (IND),Jharia,JHARIA,intermittent stream (STMI); stream(s) (STM)
India (IND) & Nepal (NPL),Jharnā,JHARNA,stream(s) (STM)
India (IND),Jhil; Jhīl,JHIL,depression(s) (DPR); intermittent lake(s) (LKI); intermittent wetland (WTLDI); lake (LK); marsh(es) (MRSH); mud flat(s) (FLTM); oxbow lake (LKO); reservoir(s) (RSV); swamp (SWMP)
India (IND),Jhok,JHOK,farm(s) (FRM)
India (IND),Jhola,JHOLA,intermittent stream (STMI)
India (IND),Jhor,JHOR,intermittent stream (STMI); spring(s) (SPNG); stream(s) (STM)
India (IND),Jhora; Jhorā,JHORA,intermittent stream (STMI); stream(s) (STM)
India (IND),Jhori,JHORI,intermittent stream (STMI); stream(s) (STM)
India (IND),Jhoro,JHORO,stream(s) (STM)
India (IND),Jhur,JHUR,stream(s) (STM)
India (IND),Jodi,JODI,stream(s) (STM)
India (IND),Johar,JOHAR,intermittent pond(s) (PNDI); pond(s) (PND)
India (IND),Johari,JOHARI,intermittent pond(s) (PNDI)
India (IND),Johr,JOHR,intermittent pond(s) (PNDI); water tank (RSVT)
India (IND),Johra,JOHRA,intermittent pond(s) (PNDI); intermittent reservoir (RSVI); pond(s) (PND); water tank (RSVT)
India (IND),Johri,JOHRI,intermittent pond(s) (PNDI); intermittent reservoir (RSVI); pond(s) (PND); populated place (PPL); reservoir(s) (RSV); water tank (RSVT)
India (IND),Jola,JOLA,hill (HLL); mountain (MT)
India (IND),Joli,JOLI,stream(s) (STM)
India (IND),Jor,JOR,intermittent pond(s) (PNDI); intermittent stream (STMI); stream(s) (STM)
India (IND),Jora; Jorā,JORA,intermittent pond(s) (PNDI); intermittent stream (STMI); pond(s) (PND); stream(s) (STM)
India (IND),Jot,JOT,farm(s) (FRM); hill (HLL); mountain (MT); pass (PASS); ridge(s) (RDGE)
India (IND),Kadal,KADAL,bridge (BDG)
India (IND),Kadavu,KADAVU,hill (HLL); mountain (MT); stream(s) (STM)
India (IND),Kādu,KADU,forest(s) (FRST); mountain (MT)
India (IND),Kal; Kāl,KAL,hill (HLL); intermittent stream (STMI); mountain (MT); pass (PASS)
India (IND),Kalava; Kālava,KALAVA,canal (CNL); intermittent stream (STMI); stream(s) (STM); tidal creek(s) (CRKT)
India (IND),Kallu,KALLU,hill (HLL); mountain (MT)
India (IND),Kalva; Kālva,KALVA,intermittent stream (STMI); stream(s) (STM)
India (IND),Kalvai; Kālvai,KALVAI,intermittent stream (STMI); stream(s) (STM)
India (IND),Kānal,KANAL,forest reserve (RESF); forest(s) (FRST); mountain (MT)
India (IND),Kanama,KANAMA,locality (LCTY); mountain (MT); pass (PASS); saddle (SDL)
India (IND),Kanave; Kanavē,KANAVE,pass (PASS)
China (CHN) & India (IND) & Pakistan (PAK),Kangri,KANGRI,peak(s) (PK)
India (IND),Kanmāi,KANMAI,intermittent reservoir (RSVI)
India (IND),Kanmoi,KANMOI,intermittent reservoir (RSVI)
India (IND),Kār,KAR,mountain (MT); stream(s) (STM)
India (IND),Karadu,KARADU,hill (HLL); mountain (MT)
India (IND),Karai,KARAI,intermittent stream (STMI)
India (IND) & Pakistan (PAK),Kas,KAS,stream(s) (STM)
India (IND),Kasi,KASI,stream(s) (STM)
India (IND),Katava,KATAVA,hill (HLL); intermittent stream (STMI); mountain (MT)
India (IND) & Pakistan (PAK),Katha,KATHA,marsh(es) (MRSH); stream(s) (STM)
India (IND),Katta,KATTA,hill (HLL); reservoir(s) (RSV)
India (IND),Kattava,KATTAVA,hill (HLL); mountain (MT)
India (IND),Katte,KATTE,intermittent reservoir (RSVI); lake (LK); reservoir(s) (RSV); stream(s) (STM)
India (IND),Kattu,KATTU,mountain (MT)
India (IND),Kattuva,KATTUVA,mountain (MT)
India (IND),Katuva,KATUVA,hill (HLL)
India (IND),Kavalai,KAVALAI,mountain (MT)
India (IND),Kavvai,KAVVAI,hill (HLL); mountain (MT)
India (IND),Kāyal,KAYAL,estuary (ESTY); inlet (INLT); lagoon(s) (LGN); lake (LK); reservoir(s) (RSV); sound (SD)
India (IND),Kerai,KERAI,hill (HLL)
India (IND),Kere; Kerē,KERE,hill (HLL); intermittent pond(s) (PNDI); intermittent reservoir (RSVI); intermittent stream (STMI); lake (LK); locality (LCTY); reservoir(s) (RSV); stream(s) (STM)
India (IND),Keri,KERI,intermittent reservoir (RSVI)
India (IND),Khad; Khād,KHAD,intermittent stream (STMI); stream(s) (STM)
India (IND),Khal; Khāl,KHAL,distributary(-ies) (STMD); intermittent stream (STMI); oxbow lake (LKO); pass (PASS); stream(s) (STM); tidal creek(s) (CRKT)
India (IND),Khāla,KHALA,intermittent stream (STMI); stream(s) (STM)
India (IND),Khān,KHAN,mountain (MT); populated place (PPL); resthouse (RHSE)
India (IND),Khānd,KHAND,mountain (MT); pass (PASS)
India (IND),Khandi; Khāndi,KHANDI,hill (HLL); pass (PASS)
India (IND),Khangāh; Khāngah; Khāngāh,KHANGAH,mosque (MSQE); shrine (SHRN)
India (IND),Khānqāh,KHANQAH,temple(s) (TMPL)
India (IND),Khar; Khār,KHAR,intermittent stream (STMI); stream(s) (STM)
India (IND),Kharak,KHARAK,mine(s) (MN)
India (IND),Kharra,KHARRA,stream(s) (STM)
India (IND),Khind,KHIND,pass (PASS)
India (IND),Khoh,KHOH,intermittent stream (STMI); stream(s) (STM)
India (IND),Khol,KHOL,hill (HLL); mountain (MT); ridge(s) (RDGE); stream(s) (STM)
India (IND) & Nepal (NPL),Khola; Kholā,KHOLA,intermittent stream (STMI); stream(s) (STM)
India (IND),Khor,KHOR,stream(s) (STM)
India (IND),Khuntiā,KHUNTIA,hill (HLL)
India (IND),Khuti,KHUTI,hut(s) (HUT)
India (IND),Koh,KOH,mountain (MT)
India (IND),Kol,KOL,canal (CNL); canalized stream (STMC); intermittent stream (STMI); pond(s) (PND); stream(s) (STM)
India (IND),Kolli,KOLLI,stream(s) (STM)
India (IND),Kombai,KOMBAI,mountain (MT)
India (IND),Komban,KOMBAN,mountain (MT)
India (IND),Kombu,KOMBU,mountain (MT)
India (IND),Kona,KONA,intermittent stream (STMI); mountain (MT); stream(s) (STM)
India (IND),Konda,KONDA,hill (HLL); hills (HLLS); mesa(s) (MESA); mountain (MT); mountains (MTS); ridge(s) (RDGE); triangulation station (TRIG)
India (IND),Kondai,KONDAI,mountain (MT)
India (IND),Konta,KONTA,depression(s) (DPR)
India (IND),Koppu,KOPPU,mountain (MT); peak(s) (PK)
India (IND),Kot,KOT,fort (FT); populated place (PPL)
India (IND),Kota,KOTA,fort (FT); hill (HLL); populated place (PPL)
India (IND),Kote,KOTE,fort (FT)
India (IND),Kotta; Kōtta,KOTTA,fort (FT); hill (HLL); mountain (MT)
India (IND),Kottai; Kōttai,KOTTAI,fort (FT); hill (HLL); populated place (PPL)
India (IND),Kottal,KOTTAL,hill (HLL)
India (IND),Kovil; Kōvil,KOVIL,shrine (SHRN); temple(s) (TMPL)
India (IND),Koyil,KOYIL,temple(s) (TMPL)
India (IND),Kshetram; Kshētram,KSHETRAM,temple(s) (TMPL)
India (IND),Kubba,KUBBA,tomb(s) (TMB)
India (IND),Kul,KUL,intermittent pond(s) (PNDI); stream(s) (STM)
India (IND),Kulam,KULAM,hill (HLL); intermittent lake(s) (LKI); intermittent reservoir (RSVI); lake (LK); pond(s) (PND); reservoir(s) (RSV); water tank (RSVT)
India (IND),Kuli,KULI,spring(s) (SPNG)
India (IND),Kumban; Kūmban,KUMBAN,mountain (MT)
India (IND),Kumbi,KUMBI,hill (HLL)
India (IND),Kund,KUND,intermittent lake(s) (LKI); intermittent pond(s) (PNDI); lake (LK); lakes (LKS); marsh(es) (MRSH); pond(s) (PND); reservoir(s) (RSV); spring(s) (SPNG); water tank (RSVT)
India (IND),Kunda,KUNDA,mountain (MT)
India (IND),Kundi,KUNDI,spring(s) (SPNG)
India (IND),Kundu,KUNDU,mountain (MT)
India (IND),Kuni,KUNI,mountain (MT)
India (IND),Kunja,KUNJA,hill (HLL)
India (IND),Kunna,KUNNA,hill (HLL)
India (IND),Kunni,KUNNI,hill (HLL)
India (IND),Kunnu,KUNNU,hill (HLL); mountain (MT); populated place (PPL)
India (IND),Kunta,KUNTA,depression(s) (DPR); hill (HLL); intermittent lake(s) (LKI); intermittent pond(s) (PNDI); intermittent reservoir (RSVI); reservoir(s) (RSV)
India (IND),Kunte,KUNTE,hill (HLL)
India (IND),Kuppa,KUPPA,hill (HLL); mountain (MT); triangulation station (TRIG)
India (IND),Kuppam,KUPPAM,mountain (MT)
India (IND),Kuppe,KUPPE,mountain (MT)
India (IND),Kurava,KURAVA,mountain (MT)
India (IND),Kuruva,KURUVA,mountain (MT)
India (IND),Kurva,KURVA,hill (HLL); mountain (MT)
India (IND),Kuttu,KUTTU,hill (HLL); mountain (MT)
India (IND),Kuva,KUVA,hill (HLL)
India (IND),Kuvva,KUVVA,hill (HLL); mountain (MT)
Bhutan (BTN) & China (CHN) & India (IND) & Nepal (NPL),La; Lā,LA,pass (PASS)
India (IND),Lake,LAKE,lake (LK); reservoir(s) (RSV)
India (IND),Lāni,LANI,pass (PASS)
India (IND),Loop,LOOP,railroad (RR)
India (IND),Lor,LOR,stream(s) (STM)
India (IND),Lungpa,LUNGPA,stream(s) (STM)
India (IND),Madugu; Madūgu,MADUGU,intermittent stream (STMI); spring(s) (SPNG); stream(s) (STM)
India (IND),Maduvu,MADUVU,intermittent stream (STMI)
India (IND),Mahal,MAHAL,palace (PAL)
India (IND),Main Canal,MAINCANAL,canal (CNL)
India (IND),Mal; Māl,MAL,hill (HLL); mesa(s) (MESA); mountain (MT); ridge(s) (RDGE)
India (IND),Mala; Māla,MALA,hill (HLL); mountain (MT)
India (IND),Malai,MALAI,hill (HLL); mountain (MT); peak(s) (PK); populated place (PPL); triangulation station (TRIG)
India (IND),Malal,MALAL,mountain (MT)
India (IND),Male,MALE,mountain (MT)
India (IND),Māli,MALI,mountain (MT); ridge(s) (RDGE)
India (IND),Malla,MALLA,hill (HLL); mesa(s) (MESA)
India (IND),Mandir; Mandīr,MANDIR,temple(s) (TMPL)
India (IND),Mari,MARI,temple(s) (TMPL)
India (IND),Masjid,MASJID,mosque (MSQE)
India (IND),Math,MATH,temple(s) (TMPL)
India (IND),Mattai,MATTAI,hill (HLL); mountain (MT)
India (IND),Mazār,MAZAR,temple(s) (TMPL)
India (IND),Mazra; Māzra,MAZRA,farm(s) (FRM)
India (IND),Medda,MEDDA,mountain (MT)
India (IND),Medu; Mēdu,MEDU,building(s) (BLDG); hill (HLL); mountain (MT)
India (IND),Merri,MERRI,mountain (MT)
India (IND),Meta,META,hill (HLL); mountain (MT); mountains (MTS)
India (IND),Metta,METTA,hill (HLL); hills (HLLS); mountain (MT); populated place (PPL); ridge(s) (RDGE)
India (IND),Mettu,METTU,mountain (MT)
India (IND),Minār,MINAR,monument (MNMT); tower (TOWR)
India (IND),Minor,MINOR,canal (CNL)
India (IND),Modu,MODU,mountain (MT)
India (IND),Mokkai,MOKKAI,mountain (MT)
India (IND),Mora,MORA,hill (HLL); mountain (MT)
India (IND),Motam,MOTAM,mountain (MT)
India (IND),Mottai,MOTTAI,mountain (MT)
India (IND),Mottal,MOTTAL,mountain (MT)
India (IND),Motte,MOTTE,hill (HLL); mountain (MT)
India (IND),Motti,MOTTI,slope(s) (SLP)
India (IND),Mottu,MOTTU,mountain (MT)
India (IND),Motu,MOTU,hill (HLL); mountain (MT)
India (IND),Mudi; Mūdi,MUDI,hill (HLL); mountain (MT)
India (IND),Mugal,MUGAL,mountain (MT)
India (IND),Mukh,MUKH,hill (HLL); mountain (MT)
India (IND),Munda,MUNDA,mountain (MT)
India (IND),Mundia; Mundiā,MUNDIA,hill (HLL); mountain (MT)
India (IND),Murippu,MURIPPU,hill (HLL); mountain (MT)
India (IND) & Nepal (NPL) & Pakistan (PAK),Nadi; Nadi̇̄; Nadī; Nādi; Nādī,NADI,abandoned watercourse (STMQ); anabranch (STMA); distributary(-ies) (STMD); intermittent stream (STMI); section of intermittent stream (STMIX); section of stream (STMX); stream bend (STMB); stream(s) (STM); tidal creek(s) (CRKT)
India (IND),Nāg,NAG,intermittent lake(s) (LKI); lake (LK); pond(s) (PND); spring(s) (SPNG); stream(s) (STM)
India (IND),Naher,NAHER,canalized stream (STMC)
India (IND),Nai,NAI,stream(s) (STM)
India (IND),Nait,NAIT,stream(s) (STM)
India (IND),Nal; Nāl,NAL,intermittent stream (STMI); section of stream (STMX); stream(s) (STM)
India (IND) & Nepal (NPL) & Pakistan (PAK),Nala; Nāla; Nālā,NALA,abandoned watercourse (STMQ); canalized stream (STMC); intermittent stream (STMI); populated place (PPL); section of stream (STMX); stream(s) (STM); tidal creek(s) (CRKT)
India (IND),Nāli,NALI,intermittent stream (STMI); stream(s) (STM)
India (IND) & Pakistan (PAK),Nar; Nār,NAR,intermittent stream (STMI); stream(s) (STM)
India (IND),Nāri,NARI,stream(s) (STM)
India (IND),National Capital Territory,NATIONALCAPITALTERRITORY,first-order administrative division (ADM1)
India (IND),Nettu,NETTU,mountain (MT)
India (IND),Nīllu,NILLU,spring(s) (SPNG)
India (IND),Noi,NOI,stream(s) (STM)
India (IND),Odai,ODAI,intermittent stream (STMI); stream(s) (STM)
India (IND),Oddu,ODDU,hill (HLL); mountain (MT)
India (IND),Odha,ODHA,intermittent stream (STMI); stream(s) (STM)
India (IND),Ora,ORA,mountain (MT)
India (IND),Padavu,PADAVU,hill (HLL); plateau (PLAT); promontory(-ies) (PROM); triangulation station (TRIG)
India (IND),Padi,PADI,mountain (MT)
India (IND),Pagār,PAGAR,mountain (MT)
India (IND),Pahād,PAHAD,hill (HLL); mountain (MT)
India (IND),Pahar; Pahār; Pāhār,PAHAR,hill (HLL); hills (HLLS); mesa(s) (MESA); mountain (MT); mountains (MTS); ridge(s) (RDGE); rocks (RKS); triangulation station (TRIG); water tank (RSVT)
India (IND),Pahāri; Pahārī,PAHARI,hill (HLL); mountain (MT); ridge(s) (RDGE); spur(s) (SPUR)
India (IND),Pahāria,PAHARIA,hill (HLL); mountain (MT)
India (IND),Pāl,PAL,plain(s) (PLN)
India (IND),Palai,PALAI,mountain (MT)
India (IND),Pallam,PALLAM,intermittent stream (STMI); mountain (MT); stream(s) (STM)
India (IND),Palli,PALLI,intermittent stream (STMI)
India (IND),Pān,PAN,waterfall(s) (FLLS)
India (IND),Pāni,PANI,spring(s) (SPNG)
India (IND),Para; Pāra,PARA,cliff(s) (CLF); hill (HLL); mountain (MT)
India (IND),Parai; Pārai,PARAI,hill (HLL); locality (LCTY); mountain (MT); pass (PASS); populated place (PPL); spur(s) (SPUR)
India (IND),Pāral,PARAL,mountain (MT)
India (IND),Parambu,PARAMBU,hill (HLL)
India (IND),Parbat,PARBAT,hill (HLL); mountain (MT); mountains (MTS); ridge(s) (RDGE)
India (IND),Pare; Parē,PARE,hill (HLL); locality (LCTY); mountain (MT)
India (IND),Park,PARK,park (PRK); peak(s) (PK)
India (IND),Parvatam,PARVATAM,mountain (MT)
India (IND),Pass,PASS,pass (PASS)
India (IND),Pat; Pāt,PAT,depression(s) (DPR); hill (HLL); mesa(s) (MESA); mountain (MT); plateau (PLAT); ridge(s) (RDGE)
India (IND),Pāta,PATA,intermittent stream (STMI)
India (IND),Pathar; Pathār; Pāthar,PATHAR,hill (HLL); hills (HLLS); mesa(s) (MESA); mountain (MT)
India (IND),Pati,PATI,depression(s) (DPR)
India (IND),Patti,PATTI,hill (HLL)
India (IND),Paya; Pāya; Pāyā,PAYA,intermittent stream (STMI); stream(s) (STM)
India (IND),Penta,PENTA,camp(s) (CMP); hill (HLL); mountain (MT)
India (IND),Pente,PENTE,camp(s) (CMP)
India (IND),Petu,PETU,mountain (MT)
India (IND),Pier,PIER,pier (PIER)
India (IND),Pira,PIRA,mountain (MT)
India (IND),Plateau,PLATEAU,plateau (PLAT)
India (IND),Podugu,PODUGU,hill (HLL); mountain (MT)
India (IND),Point,POINT,point(s) (PT)
India (IND),Pokhar,POKHAR,mountain (MT); reservoir(s) (RSV)
India (IND),Pokhra,POKHRA,intermittent lake(s) (LKI)
India (IND),Pottai,POTTAI,hill (HLL); mountain (MT)
India (IND),Pozhi,POZHI,bank(s) (BNK); inlet (INLT); stream mouth(s) (STMM)
India (IND),Protected Forest,PROTECTEDFOREST,forest reserve (RESF)
India (IND),Pukhari,PUKHARI,intermittent pond(s) (PNDI)
India (IND),Pukur,PUKUR,water tank (RSVT)
India (IND),Puzha,PUZHA,intermittent stream (STMI); stream(s) (STM)
India (IND),Qila; Qilā,QILA,fort (FT)
India (IND),Railroad Station,RAILROADSTATION,railroad station (RSTN)
India (IND),Railway,RAILWAY,railroad (RR)
India (IND) & Pakistan (PAK),Rakh,RAKH,forest(s) (FRST); marsh(es) (MRSH)
India (IND),Rālu,RALU,mountain (MT)
India (IND),Range,RANGE,mountains (MTS)
India (IND) & Pakistan (PAK),Rann,RANN,marsh(es) (MRSH)
India (IND),Rao; Rāo,RAO,intermittent stream (STMI); stream(s) (STM)
India (IND),Rar,RAR,intermittent stream (STMI); stream(s) (STM)
India (IND),Rās,RAS,mountain (MT)
India (IND),Rau,RAU,stream(s) (STM)
India (IND),Raula,RAULA,stream(s) (STM)
India (IND),Rauli,RAULI,intermittent stream (STMI); stream(s) (STM)
India (IND),Reef,REEF,reef(s) (RF)
India (IND),Reefs,REEFS,reef(s) (RF)
India (IND),Reserved Forest,RESERVEDFOREST,forest reserve (RESF)
India (IND),Reservoir,RESERVOIR,reservoir(s) (RSV)
India (IND),Rest House,RESTHOUSE,resthouse (RHSE)
India (IND),Revu,REVU,intermittent reservoir (RSVI); intermittent stream (STMI); stream(s) (STM)
India (IND),Rio,RIO,tidal creek(s) (CRKT)
China (CHN) & India (IND),River,RIVER,intermittent stream (STMI); stream(s) (STM)
India (IND),Rock,ROCK,island (ISL); rock (RK)
India (IND),Rocks,ROCKS,rock (RK)
India (IND),Rūd,RUD,canal (CNL)
India (IND),Sādu,SADU,hill (HLL)
India (IND),Sagar; Sagār; Sāgar,SAGAR,intermittent lake(s) (LKI); intermittent reservoir (RSVI); intermittent salt pond(s) (PNDNI); lake (LK); marsh(es) (MRSH); populated place (PPL); reservoir(s) (RSV)
India (IND),Sāgara,SAGARA,reservoir(s) (RSV)
India (IND),Sāgaram,SAGARAM,reservoir(s) (RSV)
India (IND),Sal,SAL,stream(s) (STM)
India (IND),Samādhi,SAMADHI,temple(s) (TMPL)
India (IND),Sapu,SAPU,hill (HLL); mountain (MT)
India (IND),Sar,SAR,hill (HLL); intermittent lake(s) (LKI); lake (LK); marsh(es) (MRSH); mountain (MT); pond(s) (PND)
India (IND),Sari,SARI,hill (HLL); mountain (MT)
India (IND),Sarovar,SAROVAR,lake (LK)
India (IND),Sarowar,SAROWAR,reservoir(s) (RSV); water tank (RSVT)
India (IND),Sarva,SARVA,camp(s) (CMP)
India (IND),Sati,SATI,temple(s) (TMPL)
India (IND),Sattu,SATTU,mountain (MT)
India (IND),Sela,SELA,intermittent stream (STMI); mountain (MT); stream(s) (STM)
India (IND),Shākh,SHAKH,canal (CNL); stream(s) (STM)
China (CHN) & India (IND),Shan,SHAN,mountain (MT); mountains (MTS)
China (CHN) & India (IND),Shankou,SHANKOU,pass (PASS)
India (IND),Shela,SHELA,intermittent stream (STMI)
India (IND),Shelf,SHELF,reef(s) (RF)
India (IND),Shikārgāh,SHIKARGAH,hunting reserve (RESH)
India (IND),Shoal,SHOAL,shoal(s) (SHOL)
India (IND),Shoals,SHOALS,shoal(s) (SHOL)
India (IND),Shola,SHOLA,forest reserve (RESF); forest(s) (FRST)
India (IND),Shrine,SHRINE,shrine (SHRN)
India (IND),Silgu,SILGU,intermittent stream (STMI)
India (IND),Siri,SIRI,intermittent stream (STMI)
India (IND),Soru,SORU,hill (HLL); mountain (MT)
India (IND),Sot,SOT,intermittent stream (STMI); stream(s) (STM)
India (IND) & Nepal (NPL),Sotā,SOTA,stream(s) (STM)
India (IND),Soti,SOTI,stream(s) (STM)
India (IND),Spring,SPRING,spring(s) (SPNG)
India (IND),State Forest,STATEFOREST,forest reserve (RESF)
India (IND),State Rakh,STATERAKH,forest reserve (RESF)
India (IND),Station,STATION,railroad station (RSTN)
India (IND),Stupa,STUPA,religious site (RLG)
India (IND),Subminor,SUBMINOR,canal (CNL)
India (IND),Suru,SURU,mountain (MT)
India (IND),Tail,TAIL,canal (CNL)
India (IND),Tak,TAK,pass (PASS)
India (IND) & Nepal (NPL),Tal; Tāl,TAL,depression(s) (DPR); intermittent lake(s) (LKI); intermittent oxbow lake (LKOI); intermittent pond(s) (PNDI); intermittent reservoir (RSVI); intermittent stream (STMI); intermittent wetland (WTLDI); lake (LK); lake bed(s) (LBED); marsh(es) (MRSH); mud flat(s) (FLTM); oxbow lake (LKO); pond(s) (PND); populated place (PPL); reservoir(s) (RSV); ridge(s) (RDGE); swamp (SWMP); water tank (RSVT)
India (IND),Tala; Tālā,TALA,intermittent reservoir (RSVI); water well(s) (WLL)
India (IND),Talāb; Tālab; Tālāb,TALAB,intermittent lake(s) (LKI); intermittent pond(s) (PNDI); intermittent reservoir (RSVI); lake (LK); marsh(es) (MRSH); pond(s) (PND); reservoir(s) (RSV); water tank (RSVT)
India (IND),Talāi; Tālāi,TALAI,intermittent pond(s) (PNDI); pond(s) (PND); reservoir(s) (RSV); water tank (RSVT)
India (IND),Talaiya,TALAIYA,lake (LK)
India (IND),Talao; Talāo; Tālāo,TALAO,intermittent lake(s) (LKI); intermittent pond(s) (PNDI); intermittent reservoir (RSVI); lake (LK); mountain (MT); pond(s) (PND); populated place (PPL); reservoir(s) (RSV); water tank (RSVT)
India (IND),Talāv; Tālāv,TALAV,intermittent lake(s) (LKI); intermittent pond(s) (PNDI); intermittent reservoir (RSVI); lake (LK); pond(s) (PND); reservoir(s) (RSV); water tank (RSVT)
India (IND),Tandu,TANDU,mountain (MT)
India (IND),Tank,TANK,reservoir(s) (RSV); water well(s) (WLL)
India (IND),Tanni,TANNI,stream(s) (STM)
India (IND),Tāo,TAO,intermittent stream (STMI); stream(s) (STM)
India (IND),Tāpu,TAPU,island (ISL)
India (IND),Tar,TAR,water well(s) (WLL)
India (IND),Tāra,TARA,intermittent lake(s) (LKI); intermittent pond(s) (PNDI); intermittent reservoir (RSVI); lake (LK); pond(s) (PND); reservoir(s) (RSV); water tank (RSVT)
India (IND) & Pakistan (PAK),Tarai,TARAI,intermittent pond(s) (PNDI)
India (IND),Tekra,TEKRA,hill (HLL); mountain (MT)
India (IND),Tekri,TEKRI,hill (HLL)
India (IND),Temple,TEMPLE,temple(s) (TMPL)
India (IND),Teri,TERI,hill (HLL); mountain (MT)
India (IND),Teru,TERU,mountain (MT)
India (IND),Thāch,THACH,hut(s) (HUT); pass (PASS); upland (UPLD)
India (IND),Thadi,THADI,hill (HLL)
India (IND),Thal,THAL,sandy desert (ERG); triangulation station (TRIG)
India (IND),Thalai,THALAI,mountain (MT)
India (IND),Thāno,THANO,intermittent reservoir (RSVI)
India (IND),Thipai,THIPAI,mountain (MT)
India (IND),Thippa,THIPPA,hill (HLL)
India (IND),Thodu; Thōdu,THODU,intermittent stream (STMI); stream(s) (STM)
India (IND),Thogu,THOGU,stream(s) (STM)
India (IND),Thota,THOTA,mountain (MT)
India (IND) & Nepal (NPL),Thumkā,THUMKA,mountain (MT)
India (IND),Tiba,TIBA,hill (HLL); mountain (MT)
India (IND) & Pakistan (PAK),Tibba,TIBBA,dune(s) (DUNE); hill (HLL); mountain (MT); pass (PASS); populated place (PPL); spur(s) (SPUR)
India (IND),Tibbi,TIBBI,mountain (MT)
India (IND),Tibu,TIBU,hill (HLL)
India (IND),Tilla,TILLA,mountain (MT)
India (IND),Tippa,TIPPA,hill (HLL); mountain (MT); triangulation station (TRIG)
India (IND),Tippai,TIPPAI,hill (HLL)
India (IND),Tippe,TIPPE,hill (HLL)
India (IND),Tīrth,TIRTH,shrine (SHRN)
India (IND),Tittu,TITTU,hill (HLL); mountain (MT)
India (IND),Tivu; Tīvu,TIVU,island (ISL); islands (ISLS)
India (IND),Toba,TOBA,intermittent pond(s) (PNDI); lake (LK); populated place (PPL)
India (IND),Todu; Tōdu; Tōdū,TODU,canal (CNL); intermittent stream (STMI); stream(s) (STM); tidal creek(s) (CRKT)
India (IND),Toka,TOKA,mountain (MT)
India (IND),Tongri; Tongrī,TONGRI,hill (HLL); mountain (MT)
India (IND),Tor,TOR,hill (HLL)
India (IND),Tora,TORA,hill (HLL)
India (IND),Tore,TORE,intermittent stream (STMI)
India (IND),Toria,TORIA,hill (HLL)
India (IND),Toriya,TORIYA,hill (HLL); mountain (MT)
India (IND),Tumbu,TUMBU,mountain (MT)
India (IND),Tungri,TUNGRI,hill (HLL)
India (IND),Tūval,TUVAL,mountain (MT)
India (IND),Tuvva,TUVVA,mountain (MT)
India (IND),University,UNIVERSITY,college (SCHC)
India (IND),Ūttu,UTTU,spring(s) (SPNG)
India (IND),Vaddu,VADDU,hill (HLL)
India (IND),Vāgar,VAGAR,intermittent stream (STMI)
India (IND),Vagu; Vāgu; Vāgū,VAGU,intermittent stream (STMI); mountain (MT); stream(s) (STM)
India (IND),Vampu,VAMPU,stream(s) (STM)
India (IND),Vāng,VANG,tree(s) (TREE)
India (IND),Vanka,VANKA,intermittent stream (STMI); stream(s) (STM)
India (IND),Varai,VARAI,mountain (MT); slope(s) (SLP)
India (IND),Varal,VARAL,mountain (MT)
India (IND),Vāru,VARU,stream(s) (STM)
India (IND),Vaykkal; Vāykkāl,VAYKKAL,canal (CNL); canalized stream (STMC); stream(s) (STM)
India (IND),Voru,VORU,mountain (MT)
India (IND),Wag,WAG,stream(s) (STM)
India (IND),Wagu,WAGU,stream(s) (STM)
India (IND),Wāh,WAH,canal (CNL); intermittent stream (STMI)
India (IND),Warai,WARAI,escarpment (SCRP)
India (IND),Weir,WEIR,dam (DAM); weir(s) (WEIR)
India (IND),Wharf,WHARF,wharf(-ves) (WHRF)
India (IND),Yeni,YENI,mountain (MT)
India (IND),Yeri,YERI,intermittent reservoir (RSVI); stream(s) (STM)
India (IND),Yeru,YERU,intermittent stream (STMI); stream(s) (STM)
India (IND),Zamīndāri,ZAMINDARI,area (AREA)
China (CHN) & India (IND) & Pakistan (PAK),Zangbo,ZANGBO,stream(s) (STM)
India (IND),Ziarat; Ziārat,ZIARAT,shrine (SHRN); tomb(s) (TMB)
India (IND),1,b,railroad station (RSTN)
China (CHN) & India (IND),山,山,mountain (MT); mountains (MTS)
China (CHN) & India (IND),山口,山口,pass (PASS)
China (CHN) & India (IND) & Pakistan (PAK),河,河,section of stream (STMX); stream(s) (STM)
